frente_a,métrica,seleccionado,alternativa,diferencia,cambio_%
svm_c10,f1_macro,0.6777694464467459,0.6682932547375348,0.009476191709211101,1.417969078998527
svm_c10,recall_dropout,0.6866197183098591,0.6725352112676056,0.014084507042253502,2.0942408376963324
svm_c10,fit_median_s,1.2383854450001763,3.080798572000049,-1.8424131269998725,-59.80310247299878
svm_c10,predict_ms,298.9891469999293,575.0562939999782,-276.06714700004886,-48.006977730785316
svm_c10,size_kb,1983.7373046875,2228.044921875,-244.3076171875,-10.96511182467112
rf_300,f1_macro,0.6777694464467459,0.674615760405854,0.0031536860408918344,0.46747885625953245
rf_300,recall_dropout,0.6866197183098591,0.6830985915492958,0.0035211267605633756,0.5154639175257725
rf_300,fit_median_s,1.2383854450001763,2.747307997000007,-1.5089225519998308,-54.92367632779205
rf_300,predict_ms,298.9891469999293,358.9082139999391,-59.91906700000982,-16.694816296408302
rf_300,size_kb,1983.7373046875,5861.7060546875,-3877.96875,-66.15768026953278
boost,f1_macro,0.6777694464467459,0.657735515376085,0.02003393107066087,3.0458946799011937
boost,recall_dropout,0.6866197183098591,0.6690140845070423,0.017605633802816878,2.6315789473684172
boost,fit_median_s,1.2383854450001763,2.5771795430000566,-1.3387940979998803,-51.948033719117994
boost,predict_ms,298.9891469999293,48.78395400010049,250.2051929998288,512.8842016358768
boost,size_kb,1983.7373046875,805.173828125,1178.5634765625,146.37379350829232
logistic,f1_macro,0.6777694464467459,0.6508243301285228,0.02694511631822305,4.14015196895021
logistic,recall_dropout,0.6866197183098591,0.6690140845070423,0.017605633802816878,2.6315789473684172
logistic,fit_median_s,1.2383854450001763,1.7891812090001622,-0.5507957639999859,-30.78479481168841
logistic,predict_ms,298.9891469999293,108.74735200013674,190.24179499979255,174.93924357767656
logistic,size_kb,1983.7373046875,14.806640625,1968.9306640625,13297.619047619048
