param_model__C,param_model__gamma,mean_train_score,mean_test_score,std_test_score,mean_fit_time
10.0,0.01,0.9882113125302376,0.9738878509919948,0.01767667524460028,0.03441109657287598
1.0,0.01,0.9810659663798962,0.9690407749147297,0.01628269880928693,0.04027037620544434
10.0,scale,0.9952884975953932,0.9670861669558555,0.013638400817014744,0.0434321403503418
1.0,scale,0.9840675468902452,0.9669402274244406,0.015965597957213588,0.04328336715698242
1.0,0.1,0.9888027396173664,0.9533230330206756,0.012853369084693056,0.060963678359985354
0.1,0.01,0.9439075450908305,0.9420777052286757,0.014346509073382314,0.05703287124633789
0.1,scale,0.9522633049412945,0.9377145618934251,0.018035401330066425,0.08042783737182617
10.0,0.1,1.0,0.9375316134071167,0.023718217533153528,0.059992313385009766
0.1,0.1,0.9739308300340024,0.9341348980971171,0.015686790810568795,0.08184642791748047
